<?xml version="1.0" encoding="utf-8"?>
<DataSchemaModel FileFormatVersion="1.2" SchemaVersion="2.4" DspName="Microsoft.Data.Tools.Schema.Sql.Sql130DatabaseSchemaProvider" CollationLcid="1033" CollationCaseSensitive="False" xmlns="http://schemas.microsoft.com/sqlserver/dac/Serialization/2012/02">
	<Model>
		<Element Type="SqlDatabaseOptions" Disambiguator="1">
			<Property Name="Collation" Value="SQL_Latin1_General_CP1_CI_AS" />
			<Property Name="IsAnsiPaddingOn" Value="False" />
			<Property Name="IsQuotedIdentifierOn" Value="False" />
			<Property Name="IsCursorDefaultScopeGlobal" Value="True" />
			<Property Name="IsTornPageProtectionOn" Value="False" />
			<Property Name="RecoveryMode" Value="1" />
			<Property Name="IsFullTextEnabled" Value="True" />
			<Property Name="TargetRecoveryTimePeriod" Value="60" />
			<Relationship Name="DefaultFilegroup">
				<Entry>
					<References ExternalSource="BuiltIns" Name="[PRIMARY]" />
				</Entry>
			</Relationship>
		</Element>
		<Element Type="SqlForeignKeyConstraint">
			<Relationship Name="Columns">
				<Entry>
					<References Name="[dbo].[WARDEN_FROM_BRANCH].[BRANCH_ID]" />
				</Entry>
			</Relationship>
			<Relationship Name="DefiningTable">
				<Entry>
					<References Name="[dbo].[WARDEN_FROM_BRANCH]" />
				</Entry>
			</Relationship>
			<Relationship Name="ForeignColumns">
				<Entry>
					<References Name="[dbo].[HOSTEL_BRANCH].[BRANCH_ID]" />
				</Entry>
			</Relationship>
			<Relationship Name="ForeignTable">
				<Entry>
					<References Name="[dbo].[HOSTEL_BRANCH]" />
				</Entry>
			</Relationship>
			<Annotation Type="SqlInlineConstraintAnnotation" Name="[dbo].[FK__WARDEN_FR__BRANC__656C112C]" Disambiguator="5" />
		</Element>
		<Element Type="SqlForeignKeyConstraint">
			<Relationship Name="Columns">
				<Entry>
					<References Name="[dbo].[WARDEN_FROM_BRANCH].[WARD_ID]" />
				</Entry>
			</Relationship>
			<Relationship Name="DefiningTable">
				<Entry>
					<References Name="[dbo].[WARDEN_FROM_BRANCH]" />
				</Entry>
			</Relationship>
			<Relationship Name="ForeignColumns">
				<Entry>
					<References Name="[dbo].[WARDEN].[WARD_ID]" />
				</Entry>
			</Relationship>
			<Relationship Name="ForeignTable">
				<Entry>
					<References Name="[dbo].[WARDEN]" />
				</Entry>
			</Relationship>
			<Annotation Type="SqlInlineConstraintAnnotation" Name="[dbo].[FK__WARDEN_FR__WARD___66603565]" Disambiguator="6" />
		</Element>
		<Element Type="SqlPrimaryKeyConstraint">
			<Relationship Name="ColumnSpecifications">
				<Entry>
					<Element Type="SqlIndexedColumnSpecification">
						<Relationship Name="Column">
							<Entry>
								<References Name="[dbo].[STUDENT].[STD_ID]" />
							</Entry>
						</Relationship>
					</Element>
				</Entry>
			</Relationship>
			<Relationship Name="DefiningTable">
				<Entry>
					<References Name="[dbo].[STUDENT]" />
				</Entry>
			</Relationship>
			<Annotation Type="SqlInlineConstraintAnnotation" Name="[dbo].[PK__STUDENT__40AB9997DC2EA783]" Disambiguator="7" />
		</Element>
		<Element Type="SqlPrimaryKeyConstraint">
			<Relationship Name="ColumnSpecifications">
				<Entry>
					<Element Type="SqlIndexedColumnSpecification">
						<Relationship Name="Column">
							<Entry>
								<References Name="[dbo].[ROOM_CATEGORY].[ROOM_TYPE]" />
							</Entry>
						</Relationship>
					</Element>
				</Entry>
			</Relationship>
			<Relationship Name="DefiningTable">
				<Entry>
					<References Name="[dbo].[ROOM_CATEGORY]" />
				</Entry>
			</Relationship>
			<Annotation Type="SqlInlineConstraintAnnotation" Name="[dbo].[PK__ROOM_CAT__3B1043B5A8B418DC]" Disambiguator="8" />
		</Element>
		<Element Type="SqlPrimaryKeyConstraint">
			<Relationship Name="ColumnSpecifications">
				<Entry>
					<Element Type="SqlIndexedColumnSpecification">
						<Relationship Name="Column">
							<Entry>
								<References Name="[dbo].[HOSTEL_BRANCH].[BRANCH_ID]" />
							</Entry>
						</Relationship>
					</Element>
				</Entry>
			</Relationship>
			<Relationship Name="DefiningTable">
				<Entry>
					<References Name="[dbo].[HOSTEL_BRANCH]" />
				</Entry>
			</Relationship>
			<Annotation Type="SqlInlineConstraintAnnotation" Name="[dbo].[PK__HOSTEL_B__766E0D232F751F0B]" Disambiguator="9" />
		</Element>
		<Element Type="SqlPrimaryKeyConstraint">
			<Relationship Name="ColumnSpecifications">
				<Entry>
					<Element Type="SqlIndexedColumnSpecification">
						<Relationship Name="Column">
							<Entry>
								<References Name="[dbo].[BOOKING].[BOOKING_ID]" />
							</Entry>
						</Relationship>
					</Element>
				</Entry>
			</Relationship>
			<Relationship Name="DefiningTable">
				<Entry>
					<References Name="[dbo].[BOOKING]" />
				</Entry>
			</Relationship>
			<Annotation Type="SqlInlineConstraintAnnotation" Name="[dbo].[PK__BOOKING__C1EBE7B33CEBD440]" Disambiguator="10" />
		</Element>
		<Element Type="SqlPrimaryKeyConstraint">
			<Relationship Name="ColumnSpecifications">
				<Entry>
					<Element Type="SqlIndexedColumnSpecification">
						<Relationship Name="Column">
							<Entry>
								<References Name="[dbo].[PAYMENT].[INVOICE_ID]" />
							</Entry>
						</Relationship>
					</Element>
				</Entry>
			</Relationship>
			<Relationship Name="DefiningTable">
				<Entry>
					<References Name="[dbo].[PAYMENT]" />
				</Entry>
			</Relationship>
			<Annotation Type="SqlInlineConstraintAnnotation" Name="[dbo].[PK__PAYMENT__0CE91F087341EE1D]" Disambiguator="11" />
		</Element>
		<Element Type="SqlPrimaryKeyConstraint">
			<Relationship Name="ColumnSpecifications">
				<Entry>
					<Element Type="SqlIndexedColumnSpecification">
						<Relationship Name="Column">
							<Entry>
								<References Name="[dbo].[GUESTS].[GUEST_ID]" />
							</Entry>
						</Relationship>
					</Element>
				</Entry>
			</Relationship>
			<Relationship Name="DefiningTable">
				<Entry>
					<References Name="[dbo].[GUESTS]" />
				</Entry>
			</Relationship>
			<Annotation Type="SqlInlineConstraintAnnotation" Name="[dbo].[PK__GUESTS__798B6DF53C7C98E6]" Disambiguator="12" />
		</Element>
		<Element Type="SqlPrimaryKeyConstraint">
			<Relationship Name="ColumnSpecifications">
				<Entry>
					<Element Type="SqlIndexedColumnSpecification">
						<Relationship Name="Column">
							<Entry>
								<References Name="[dbo].[EMPLOYEE].[EMPLOYEE_ID]" />
							</Entry>
						</Relationship>
					</Element>
				</Entry>
			</Relationship>
			<Relationship Name="DefiningTable">
				<Entry>
					<References Name="[dbo].[EMPLOYEE]" />
				</Entry>
			</Relationship>
			<Annotation Type="SqlInlineConstraintAnnotation" Name="[dbo].[PK__EMPLOYEE__CBA14F48C1CE45D3]" Disambiguator="13" />
		</Element>
		<Element Type="SqlPrimaryKeyConstraint">
			<Relationship Name="ColumnSpecifications">
				<Entry>
					<Element Type="SqlIndexedColumnSpecification">
						<Relationship Name="Column">
							<Entry>
								<References Name="[dbo].[ROOM].[ROOMNO]" />
							</Entry>
						</Relationship>
					</Element>
				</Entry>
				<Entry>
					<Element Type="SqlIndexedColumnSpecification">
						<Relationship Name="Column">
							<Entry>
								<References Name="[dbo].[ROOM].[BRANCH_ID]" />
							</Entry>
						</Relationship>
					</Element>
				</Entry>
			</Relationship>
			<Relationship Name="DefiningTable">
				<Entry>
					<References Name="[dbo].[ROOM]" />
				</Entry>
			</Relationship>
			<Annotation Type="SqlInlineConstraintAnnotation" Name="[dbo].[PK__ROOM__AB9B694122101036]" Disambiguator="14" />
		</Element>
		<Element Type="SqlPrimaryKeyConstraint">
			<Relationship Name="ColumnSpecifications">
				<Entry>
					<Element Type="SqlIndexedColumnSpecification">
						<Relationship Name="Column">
							<Entry>
								<References Name="[dbo].[STUDENT_ROOM].[STD_ID]" />
							</Entry>
						</Relationship>
					</Element>
				</Entry>
				<Entry>
					<Element Type="SqlIndexedColumnSpecification">
						<Relationship Name="Column">
							<Entry>
								<References Name="[dbo].[STUDENT_ROOM].[CHECKIN_DATE]" />
							</Entry>
						</Relationship>
					</Element>
				</Entry>
			</Relationship>
			<Relationship Name="DefiningTable">
				<Entry>
					<References Name="[dbo].[STUDENT_ROOM]" />
				</Entry>
			</Relationship>
			<Annotation Type="SqlInlineConstraintAnnotation" Name="[dbo].[PK__STUDENT___E1204A1E2D330962]" Disambiguator="15" />
		</Element>
		<Element Type="SqlPrimaryKeyConstraint">
			<Relationship Name="ColumnSpecifications">
				<Entry>
					<Element Type="SqlIndexedColumnSpecification">
						<Relationship Name="Column">
							<Entry>
								<References Name="[dbo].[WARDEN].[WARD_ID]" />
							</Entry>
						</Relationship>
					</Element>
				</Entry>
			</Relationship>
			<Relationship Name="DefiningTable">
				<Entry>
					<References Name="[dbo].[WARDEN]" />
				</Entry>
			</Relationship>
			<Annotation Type="SqlInlineConstraintAnnotation" Name="[dbo].[PK__WARDEN__3135338721034236]" Disambiguator="16" />
		</Element>
		<Element Type="SqlPrimaryKeyConstraint">
			<Relationship Name="ColumnSpecifications">
				<Entry>
					<Element Type="SqlIndexedColumnSpecification">
						<Relationship Name="Column">
							<Entry>
								<References Name="[dbo].[WARDEN_FROM_BRANCH].[WARDBRANCH_ID]" />
							</Entry>
						</Relationship>
					</Element>
				</Entry>
			</Relationship>
			<Relationship Name="DefiningTable">
				<Entry>
					<References Name="[dbo].[WARDEN_FROM_BRANCH]" />
				</Entry>
			</Relationship>
			<Annotation Type="SqlInlineConstraintAnnotation" Name="[dbo].[PK__WARDEN_F__E3F2768B9737D903]" Disambiguator="17" />
		</Element>
		<Element Type="SqlTable" Name="[dbo].[BOOKING]">
			<Property Name="IsAnsiNullsOn" Value="True" />
			<Relationship Name="Columns">
				<Entry>
					<Element Type="SqlSimpleColumn" Name="[dbo].[BOOKING].[BOOKING_ID]">
						<Property Name="IsNullable" Value="False" />
						<Property Name="IsIdentity" Value="True" />
						<Relationship Name="TypeSpecifier">
							<Entry>
								<Element Type="SqlTypeSpecifier">
									<Relationship Name="Type">
										<Entry>
											<References ExternalSource="BuiltIns" Name="[int]" />
										</Entry>
									</Relationship>
								</Element>
							</Entry>
						</Relationship>
					</Element>
				</Entry>
				<Entry>
					<Element Type="SqlSimpleColumn" Name="[dbo].[BOOKING].[STD_ID]">
						<Relationship Name="TypeSpecifier">
							<Entry>
								<Element Type="SqlTypeSpecifier">
									<Relationship Name="Type">
										<Entry>
											<References ExternalSource="BuiltIns" Name="[int]" />
										</Entry>
									</Relationship>
								</Element>
							</Entry>
						</Relationship>
					</Element>
				</Entry>
				<Entry>
					<Element Type="SqlSimpleColumn" Name="[dbo].[BOOKING].[BOOKING_DATE]">
						<Relationship Name="TypeSpecifier">
							<Entry>
								<Element Type="SqlTypeSpecifier">
									<Relationship Name="Type">
										<Entry>
											<References ExternalSource="BuiltIns" Name="[date]" />
										</Entry>
									</Relationship>
								</Element>
							</Entry>
						</Relationship>
					</Element>
				</Entry>
				<Entry>
					<Element Type="SqlSimpleColumn" Name="[dbo].[BOOKING].[CHECKIN_DATE]">
						<Relationship Name="TypeSpecifier">
							<Entry>
								<Element Type="SqlTypeSpecifier">
									<Relationship Name="Type">
										<Entry>
											<References ExternalSource="BuiltIns" Name="[date]" />
										</Entry>
									</Relationship>
								</Element>
							</Entry>
						</Relationship>
					</Element>
				</Entry>
				<Entry>
					<Element Type="SqlSimpleColumn" Name="[dbo].[BOOKING].[CHECKOUT_DATE]">
						<Relationship Name="TypeSpecifier">
							<Entry>
								<Element Type="SqlTypeSpecifier">
									<Relationship Name="Type">
										<Entry>
											<References ExternalSource="BuiltIns" Name="[date]" />
										</Entry>
									</Relationship>
								</Element>
							</Entry>
						</Relationship>
					</Element>
				</Entry>
				<Entry>
					<Element Type="SqlSimpleColumn" Name="[dbo].[BOOKING].[ROOMNO]">
						<Relationship Name="TypeSpecifier">
							<Entry>
								<Element Type="SqlTypeSpecifier">
									<Property Name="Length" Value="25" />
									<Relationship Name="Type">
										<Entry>
											<References ExternalSource="BuiltIns" Name="[varchar]" />
										</Entry>
									</Relationship>
								</Element>
							</Entry>
						</Relationship>
					</Element>
				</Entry>
			</Relationship>
			<Relationship Name="Schema">
				<Entry>
					<References ExternalSource="BuiltIns" Name="[dbo]" />
				</Entry>
			</Relationship>
			<AttachedAnnotation Disambiguator="10" />
		</Element>
		<Element Type="SqlTable" Name="[dbo].[EMPLOYEE]">
			<Property Name="IsAnsiNullsOn" Value="True" />
			<Relationship Name="Columns">
				<Entry>
					<Element Type="SqlSimpleColumn" Name="[dbo].[EMPLOYEE].[EMPLOYEE_ID]">
						<Property Name="IsNullable" Value="False" />
						<Property Name="IsIdentity" Value="True" />
						<Relationship Name="TypeSpecifier">
							<Entry>
								<Element Type="SqlTypeSpecifier">
									<Relationship Name="Type">
										<Entry>
											<References ExternalSource="BuiltIns" Name="[int]" />
										</Entry>
									</Relationship>
								</Element>
							</Entry>
						</Relationship>
					</Element>
				</Entry>
				<Entry>
					<Element Type="SqlSimpleColumn" Name="[dbo].[EMPLOYEE].[EMPLOYEE_NAME]">
						<Relationship Name="TypeSpecifier">
							<Entry>
								<Element Type="SqlTypeSpecifier">
									<Property Name="Length" Value="30" />
									<Relationship Name="Type">
										<Entry>
											<References ExternalSource="BuiltIns" Name="[varchar]" />
										</Entry>
									</Relationship>
								</Element>
							</Entry>
						</Relationship>
					</Element>
				</Entry>
				<Entry>
					<Element Type="SqlSimpleColumn" Name="[dbo].[EMPLOYEE].[CONTACT_NO]">
						<Relationship Name="TypeSpecifier">
							<Entry>
								<Element Type="SqlTypeSpecifier">
									<Relationship Name="Type">
										<Entry>
											<References ExternalSource="BuiltIns" Name="[int]" />
										</Entry>
									</Relationship>
								</Element>
							</Entry>
						</Relationship>
					</Element>
				</Entry>
				<Entry>
					<Element Type="SqlSimpleColumn" Name="[dbo].[EMPLOYEE].[EMAIL_ID]">
						<Relationship Name="TypeSpecifier">
							<Entry>
								<Element Type="SqlTypeSpecifier">
									<Property Name="Length" Value="30" />
									<Relationship Name="Type">
										<Entry>
											<References ExternalSource="BuiltIns" Name="[varchar]" />
										</Entry>
									</Relationship>
								</Element>
							</Entry>
						</Relationship>
					</Element>
				</Entry>
				<Entry>
					<Element Type="SqlSimpleColumn" Name="[dbo].[EMPLOYEE].[ADDRESS]">
						<Relationship Name="TypeSpecifier">
							<Entry>
								<Element Type="SqlTypeSpecifier">
									<Property Name="Length" Value="30" />
									<Relationship Name="Type">
										<Entry>
											<References ExternalSource="BuiltIns" Name="[varchar]" />
										</Entry>
									</Relationship>
								</Element>
							</Entry>
						</Relationship>
					</Element>
				</Entry>
				<Entry>
					<Element Type="SqlSimpleColumn" Name="[dbo].[EMPLOYEE].[BRANCH_ID]">
						<Relationship Name="TypeSpecifier">
							<Entry>
								<Element Type="SqlTypeSpecifier">
									<Relationship Name="Type">
										<Entry>
											<References ExternalSource="BuiltIns" Name="[int]" />
										</Entry>
									</Relationship>
								</Element>
							</Entry>
						</Relationship>
					</Element>
				</Entry>
			</Relationship>
			<Relationship Name="Schema">
				<Entry>
					<References ExternalSource="BuiltIns" Name="[dbo]" />
				</Entry>
			</Relationship>
			<AttachedAnnotation Disambiguator="13" />
		</Element>
		<Element Type="SqlForeignKeyConstraint" Name="[dbo].[FK_BOOKING_STD_ID]">
			<Relationship Name="Columns">
				<Entry>
					<References Name="[dbo].[BOOKING].[STD_ID]" />
				</Entry>
			</Relationship>
			<Relationship Name="DefiningTable">
				<Entry>
					<References Name="[dbo].[BOOKING]" />
				</Entry>
			</Relationship>
			<Relationship Name="ForeignColumns">
				<Entry>
					<References Name="[dbo].[STUDENT].[STD_ID]" />
				</Entry>
			</Relationship>
			<Relationship Name="ForeignTable">
				<Entry>
					<References Name="[dbo].[STUDENT]" />
				</Entry>
			</Relationship>
		</Element>
		<Element Type="SqlForeignKeyConstraint" Name="[dbo].[FK_EMPLOYEE_BRANCH_ID]">
			<Relationship Name="Columns">
				<Entry>
					<References Name="[dbo].[EMPLOYEE].[BRANCH_ID]" />
				</Entry>
			</Relationship>
			<Relationship Name="DefiningTable">
				<Entry>
					<References Name="[dbo].[EMPLOYEE]" />
				</Entry>
			</Relationship>
			<Relationship Name="ForeignColumns">
				<Entry>
					<References Name="[dbo].[HOSTEL_BRANCH].[BRANCH_ID]" />
				</Entry>
			</Relationship>
			<Relationship Name="ForeignTable">
				<Entry>
					<References Name="[dbo].[HOSTEL_BRANCH]" />
				</Entry>
			</Relationship>
		</Element>
		<Element Type="SqlForeignKeyConstraint" Name="[dbo].[FK_GUESTS_STD_ID]">
			<Relationship Name="Columns">
				<Entry>
					<References Name="[dbo].[GUESTS].[STD_ID]" />
				</Entry>
			</Relationship>
			<Relationship Name="DefiningTable">
				<Entry>
					<References Name="[dbo].[GUESTS]" />
				</Entry>
			</Relationship>
			<Relationship Name="ForeignColumns">
				<Entry>
					<References Name="[dbo].[STUDENT].[STD_ID]" />
				</Entry>
			</Relationship>
			<Relationship Name="ForeignTable">
				<Entry>
					<References Name="[dbo].[STUDENT]" />
				</Entry>
			</Relationship>
		</Element>
		<Element Type="SqlForeignKeyConstraint" Name="[dbo].[FK_ROOM_BRANCH_ID]">
			<Relationship Name="Columns">
				<Entry>
					<References Name="[dbo].[ROOM].[BRANCH_ID]" />
				</Entry>
			</Relationship>
			<Relationship Name="DefiningTable">
				<Entry>
					<References Name="[dbo].[ROOM]" />
				</Entry>
			</Relationship>
			<Relationship Name="ForeignColumns">
				<Entry>
					<References Name="[dbo].[HOSTEL_BRANCH].[BRANCH_ID]" />
				</Entry>
			</Relationship>
			<Relationship Name="ForeignTable">
				<Entry>
					<References Name="[dbo].[HOSTEL_BRANCH]" />
				</Entry>
			</Relationship>
		</Element>
		<Element Type="SqlForeignKeyConstraint" Name="[dbo].[FK_ROOM_ROOM_TYPE]">
			<Relationship Name="Columns">
				<Entry>
					<References Name="[dbo].[ROOM].[ROOM_TYPE]" />
				</Entry>
			</Relationship>
			<Relationship Name="DefiningTable">
				<Entry>
					<References Name="[dbo].[ROOM]" />
				</Entry>
			</Relationship>
			<Relationship Name="ForeignColumns">
				<Entry>
					<References Name="[dbo].[ROOM_CATEGORY].[ROOM_TYPE]" />
				</Entry>
			</Relationship>
			<Relationship Name="ForeignTable">
				<Entry>
					<References Name="[dbo].[ROOM_CATEGORY]" />
				</Entry>
			</Relationship>
		</Element>
		<Element Type="SqlForeignKeyConstraint" Name="[dbo].[FK_STUDENT_ROOM_ROOM_TYPE]">
			<Relationship Name="Columns">
				<Entry>
					<References Name="[dbo].[STUDENT_ROOM].[ROOM_TYPE]" />
				</Entry>
			</Relationship>
			<Relationship Name="DefiningTable">
				<Entry>
					<References Name="[dbo].[STUDENT_ROOM]" />
				</Entry>
			</Relationship>
			<Relationship Name="ForeignColumns">
				<Entry>
					<References Name="[dbo].[ROOM_CATEGORY].[ROOM_TYPE]" />
				</Entry>
			</Relationship>
			<Relationship Name="ForeignTable">
				<Entry>
					<References Name="[dbo].[ROOM_CATEGORY]" />
				</Entry>
			</Relationship>
		</Element>
		<Element Type="SqlForeignKeyConstraint" Name="[dbo].[FK_STUDENT_ROOM_STD_ID]">
			<Relationship Name="Columns">
				<Entry>
					<References Name="[dbo].[STUDENT_ROOM].[STD_ID]" />
				</Entry>
			</Relationship>
			<Relationship Name="DefiningTable">
				<Entry>
					<References Name="[dbo].[STUDENT_ROOM]" />
				</Entry>
			</Relationship>
			<Relationship Name="ForeignColumns">
				<Entry>
					<References Name="[dbo].[STUDENT].[STD_ID]" />
				</Entry>
			</Relationship>
			<Relationship Name="ForeignTable">
				<Entry>
					<References Name="[dbo].[STUDENT]" />
				</Entry>
			</Relationship>
		</Element>
		<Element Type="SqlTable" Name="[dbo].[GUESTS]">
			<Property Name="IsAnsiNullsOn" Value="True" />
			<Relationship Name="Columns">
				<Entry>
					<Element Type="SqlSimpleColumn" Name="[dbo].[GUESTS].[GUEST_ID]">
						<Property Name="IsNullable" Value="False" />
						<Property Name="IsIdentity" Value="True" />
						<Relationship Name="TypeSpecifier">
							<Entry>
								<Element Type="SqlTypeSpecifier">
									<Relationship Name="Type">
										<Entry>
											<References ExternalSource="BuiltIns" Name="[int]" />
										</Entry>
									</Relationship>
								</Element>
							</Entry>
						</Relationship>
					</Element>
				</Entry>
				<Entry>
					<Element Type="SqlSimpleColumn" Name="[dbo].[GUESTS].[GUEST_NAME]">
						<Relationship Name="TypeSpecifier">
							<Entry>
								<Element Type="SqlTypeSpecifier">
									<Property Name="Length" Value="30" />
									<Relationship Name="Type">
										<Entry>
											<References ExternalSource="BuiltIns" Name="[varchar]" />
										</Entry>
									</Relationship>
								</Element>
							</Entry>
						</Relationship>
					</Element>
				</Entry>
				<Entry>
					<Element Type="SqlSimpleColumn" Name="[dbo].[GUESTS].[STD_ID]">
						<Relationship Name="TypeSpecifier">
							<Entry>
								<Element Type="SqlTypeSpecifier">
									<Relationship Name="Type">
										<Entry>
											<References ExternalSource="BuiltIns" Name="[int]" />
										</Entry>
									</Relationship>
								</Element>
							</Entry>
						</Relationship>
					</Element>
				</Entry>
				<Entry>
					<Element Type="SqlSimpleColumn" Name="[dbo].[GUESTS].[CHECKIN_DATE]">
						<Relationship Name="TypeSpecifier">
							<Entry>
								<Element Type="SqlTypeSpecifier">
									<Relationship Name="Type">
										<Entry>
											<References ExternalSource="BuiltIns" Name="[datetime]" />
										</Entry>
									</Relationship>
								</Element>
							</Entry>
						</Relationship>
					</Element>
				</Entry>
				<Entry>
					<Element Type="SqlSimpleColumn" Name="[dbo].[GUESTS].[CHECKOUT]">
						<Relationship Name="TypeSpecifier">
							<Entry>
								<Element Type="SqlTypeSpecifier">
									<Relationship Name="Type">
										<Entry>
											<References ExternalSource="BuiltIns" Name="[datetime]" />
										</Entry>
									</Relationship>
								</Element>
							</Entry>
						</Relationship>
					</Element>
				</Entry>
			</Relationship>
			<Relationship Name="Schema">
				<Entry>
					<References ExternalSource="BuiltIns" Name="[dbo]" />
				</Entry>
			</Relationship>
			<AttachedAnnotation Disambiguator="12" />
		</Element>
		<Element Type="SqlTable" Name="[dbo].[HOSTEL_BRANCH]">
			<Property Name="IsAnsiNullsOn" Value="True" />
			<Relationship Name="Columns">
				<Entry>
					<Element Type="SqlSimpleColumn" Name="[dbo].[HOSTEL_BRANCH].[BRANCH_ID]">
						<Property Name="IsNullable" Value="False" />
						<Property Name="IsIdentity" Value="True" />
						<Relationship Name="TypeSpecifier">
							<Entry>
								<Element Type="SqlTypeSpecifier">
									<Relationship Name="Type">
										<Entry>
											<References ExternalSource="BuiltIns" Name="[int]" />
										</Entry>
									</Relationship>
								</Element>
							</Entry>
						</Relationship>
					</Element>
				</Entry>
				<Entry>
					<Element Type="SqlSimpleColumn" Name="[dbo].[HOSTEL_BRANCH].[LOCATION]">
						<Relationship Name="TypeSpecifier">
							<Entry>
								<Element Type="SqlTypeSpecifier">
									<Property Name="Length" Value="30" />
									<Relationship Name="Type">
										<Entry>
											<References ExternalSource="BuiltIns" Name="[varchar]" />
										</Entry>
									</Relationship>
								</Element>
							</Entry>
						</Relationship>
					</Element>
				</Entry>
				<Entry>
					<Element Type="SqlSimpleColumn" Name="[dbo].[HOSTEL_BRANCH].[CONTACTNO]">
						<Relationship Name="TypeSpecifier">
							<Entry>
								<Element Type="SqlTypeSpecifier">
									<Relationship Name="Type">
										<Entry>
											<References ExternalSource="BuiltIns" Name="[int]" />
										</Entry>
									</Relationship>
								</Element>
							</Entry>
						</Relationship>
					</Element>
				</Entry>
				<Entry>
					<Element Type="SqlSimpleColumn" Name="[dbo].[HOSTEL_BRANCH].[BRANCH_MANAGER]">
						<Relationship Name="TypeSpecifier">
							<Entry>
								<Element Type="SqlTypeSpecifier">
									<Property Name="Length" Value="25" />
									<Relationship Name="Type">
										<Entry>
											<References ExternalSource="BuiltIns" Name="[varchar]" />
										</Entry>
									</Relationship>
								</Element>
							</Entry>
						</Relationship>
					</Element>
				</Entry>
			</Relationship>
			<Relationship Name="Schema">
				<Entry>
					<References ExternalSource="BuiltIns" Name="[dbo]" />
				</Entry>
			</Relationship>
			<AttachedAnnotation Disambiguator="9" />
		</Element>
		<Element Type="SqlTable" Name="[dbo].[PAYMENT]">
			<Property Name="IsAnsiNullsOn" Value="True" />
			<Relationship Name="Columns">
				<Entry>
					<Element Type="SqlSimpleColumn" Name="[dbo].[PAYMENT].[INVOICE_ID]">
						<Property Name="IsNullable" Value="False" />
						<Property Name="IsIdentity" Value="True" />
						<Relationship Name="TypeSpecifier">
							<Entry>
								<Element Type="SqlTypeSpecifier">
									<Relationship Name="Type">
										<Entry>
											<References ExternalSource="BuiltIns" Name="[int]" />
										</Entry>
									</Relationship>
								</Element>
							</Entry>
						</Relationship>
					</Element>
				</Entry>
				<Entry>
					<Element Type="SqlSimpleColumn" Name="[dbo].[PAYMENT].[PAYMENT_METHOD]">
						<Relationship Name="TypeSpecifier">
							<Entry>
								<Element Type="SqlTypeSpecifier">
									<Property Name="Length" Value="20" />
									<Relationship Name="Type">
										<Entry>
											<References ExternalSource="BuiltIns" Name="[varchar]" />
										</Entry>
									</Relationship>
								</Element>
							</Entry>
						</Relationship>
					</Element>
				</Entry>
				<Entry>
					<Element Type="SqlSimpleColumn" Name="[dbo].[PAYMENT].[AMOUNT]">
						<Relationship Name="TypeSpecifier">
							<Entry>
								<Element Type="SqlTypeSpecifier">
									<Relationship Name="Type">
										<Entry>
											<References ExternalSource="BuiltIns" Name="[int]" />
										</Entry>
									</Relationship>
								</Element>
							</Entry>
						</Relationship>
					</Element>
				</Entry>
				<Entry>
					<Element Type="SqlSimpleColumn" Name="[dbo].[PAYMENT].[PAYMENT_DATE]">
						<Relationship Name="TypeSpecifier">
							<Entry>
								<Element Type="SqlTypeSpecifier">
									<Relationship Name="Type">
										<Entry>
											<References ExternalSource="BuiltIns" Name="[date]" />
										</Entry>
									</Relationship>
								</Element>
							</Entry>
						</Relationship>
					</Element>
				</Entry>
			</Relationship>
			<Relationship Name="Schema">
				<Entry>
					<References ExternalSource="BuiltIns" Name="[dbo]" />
				</Entry>
			</Relationship>
			<AttachedAnnotation Disambiguator="11" />
		</Element>
		<Element Type="SqlTable" Name="[dbo].[ROOM]">
			<Property Name="IsAnsiNullsOn" Value="True" />
			<Relationship Name="Columns">
				<Entry>
					<Element Type="SqlSimpleColumn" Name="[dbo].[ROOM].[ROOMNO]">
						<Property Name="IsNullable" Value="False" />
						<Relationship Name="TypeSpecifier">
							<Entry>
								<Element Type="SqlTypeSpecifier">
									<Property Name="Length" Value="25" />
									<Relationship Name="Type">
										<Entry>
											<References ExternalSource="BuiltIns" Name="[varchar]" />
										</Entry>
									</Relationship>
								</Element>
							</Entry>
						</Relationship>
					</Element>
				</Entry>
				<Entry>
					<Element Type="SqlSimpleColumn" Name="[dbo].[ROOM].[ROOM_TYPE]">
						<Relationship Name="TypeSpecifier">
							<Entry>
								<Element Type="SqlTypeSpecifier">
									<Property Name="Length" Value="25" />
									<Relationship Name="Type">
										<Entry>
											<References ExternalSource="BuiltIns" Name="[varchar]" />
										</Entry>
									</Relationship>
								</Element>
							</Entry>
						</Relationship>
					</Element>
				</Entry>
				<Entry>
					<Element Type="SqlSimpleColumn" Name="[dbo].[ROOM].[BRANCH_ID]">
						<Property Name="IsNullable" Value="False" />
						<Relationship Name="TypeSpecifier">
							<Entry>
								<Element Type="SqlTypeSpecifier">
									<Relationship Name="Type">
										<Entry>
											<References ExternalSource="BuiltIns" Name="[int]" />
										</Entry>
									</Relationship>
								</Element>
							</Entry>
						</Relationship>
					</Element>
				</Entry>
			</Relationship>
			<Relationship Name="Schema">
				<Entry>
					<References ExternalSource="BuiltIns" Name="[dbo]" />
				</Entry>
			</Relationship>
			<AttachedAnnotation Disambiguator="14" />
		</Element>
		<Element Type="SqlTable" Name="[dbo].[ROOM_CATEGORY]">
			<Property Name="IsAnsiNullsOn" Value="True" />
			<Relationship Name="Columns">
				<Entry>
					<Element Type="SqlSimpleColumn" Name="[dbo].[ROOM_CATEGORY].[ROOM_TYPE]">
						<Property Name="IsNullable" Value="False" />
						<Relationship Name="TypeSpecifier">
							<Entry>
								<Element Type="SqlTypeSpecifier">
									<Property Name="Length" Value="25" />
									<Relationship Name="Type">
										<Entry>
											<References ExternalSource="BuiltIns" Name="[varchar]" />
										</Entry>
									</Relationship>
								</Element>
							</Entry>
						</Relationship>
					</Element>
				</Entry>
				<Entry>
					<Element Type="SqlSimpleColumn" Name="[dbo].[ROOM_CATEGORY].[DESCRIPTION]">
						<Relationship Name="TypeSpecifier">
							<Entry>
								<Element Type="SqlTypeSpecifier">
									<Property Name="Length" Value="50" />
									<Relationship Name="Type">
										<Entry>
											<References ExternalSource="BuiltIns" Name="[varchar]" />
										</Entry>
									</Relationship>
								</Element>
							</Entry>
						</Relationship>
					</Element>
				</Entry>
				<Entry>
					<Element Type="SqlSimpleColumn" Name="[dbo].[ROOM_CATEGORY].[PRICE]">
						<Relationship Name="TypeSpecifier">
							<Entry>
								<Element Type="SqlTypeSpecifier">
									<Relationship Name="Type">
										<Entry>
											<References ExternalSource="BuiltIns" Name="[int]" />
										</Entry>
									</Relationship>
								</Element>
							</Entry>
						</Relationship>
					</Element>
				</Entry>
			</Relationship>
			<Relationship Name="Schema">
				<Entry>
					<References ExternalSource="BuiltIns" Name="[dbo]" />
				</Entry>
			</Relationship>
			<AttachedAnnotation Disambiguator="8" />
		</Element>
		<Element Type="SqlTable" Name="[dbo].[STUDENT]">
			<Property Name="IsAnsiNullsOn" Value="True" />
			<Relationship Name="Columns">
				<Entry>
					<Element Type="SqlSimpleColumn" Name="[dbo].[STUDENT].[STD_ID]">
						<Property Name="IsNullable" Value="False" />
						<Property Name="IsIdentity" Value="True" />
						<Relationship Name="TypeSpecifier">
							<Entry>
								<Element Type="SqlTypeSpecifier">
									<Relationship Name="Type">
										<Entry>
											<References ExternalSource="BuiltIns" Name="[int]" />
										</Entry>
									</Relationship>
								</Element>
							</Entry>
						</Relationship>
					</Element>
				</Entry>
				<Entry>
					<Element Type="SqlSimpleColumn" Name="[dbo].[STUDENT].[STD_NAME]">
						<Relationship Name="TypeSpecifier">
							<Entry>
								<Element Type="SqlTypeSpecifier">
									<Property Name="Length" Value="20" />
									<Relationship Name="Type">
										<Entry>
											<References ExternalSource="BuiltIns" Name="[varchar]" />
										</Entry>
									</Relationship>
								</Element>
							</Entry>
						</Relationship>
					</Element>
				</Entry>
				<Entry>
					<Element Type="SqlSimpleColumn" Name="[dbo].[STUDENT].[STD_ADDRESS]">
						<Relationship Name="TypeSpecifier">
							<Entry>
								<Element Type="SqlTypeSpecifier">
									<Property Name="Length" Value="30" />
									<Relationship Name="Type">
										<Entry>
											<References ExternalSource="BuiltIns" Name="[varchar]" />
										</Entry>
									</Relationship>
								</Element>
							</Entry>
						</Relationship>
					</Element>
				</Entry>
				<Entry>
					<Element Type="SqlSimpleColumn" Name="[dbo].[STUDENT].[STD_PHONE]">
						<Relationship Name="TypeSpecifier">
							<Entry>
								<Element Type="SqlTypeSpecifier">
									<Relationship Name="Type">
										<Entry>
											<References ExternalSource="BuiltIns" Name="[int]" />
										</Entry>
									</Relationship>
								</Element>
							</Entry>
						</Relationship>
					</Element>
				</Entry>
				<Entry>
					<Element Type="SqlSimpleColumn" Name="[dbo].[STUDENT].[GENDER]">
						<Relationship Name="TypeSpecifier">
							<Entry>
								<Element Type="SqlTypeSpecifier">
									<Property Name="Length" Value="10" />
									<Relationship Name="Type">
										<Entry>
											<References ExternalSource="BuiltIns" Name="[varchar]" />
										</Entry>
									</Relationship>
								</Element>
							</Entry>
						</Relationship>
					</Element>
				</Entry>
				<Entry>
					<Element Type="SqlSimpleColumn" Name="[dbo].[STUDENT].[EMAIL]">
						<Relationship Name="TypeSpecifier">
							<Entry>
								<Element Type="SqlTypeSpecifier">
									<Property Name="Length" Value="30" />
									<Relationship Name="Type">
										<Entry>
											<References ExternalSource="BuiltIns" Name="[varchar]" />
										</Entry>
									</Relationship>
								</Element>
							</Entry>
						</Relationship>
					</Element>
				</Entry>
			</Relationship>
			<Relationship Name="Schema">
				<Entry>
					<References ExternalSource="BuiltIns" Name="[dbo]" />
				</Entry>
			</Relationship>
			<AttachedAnnotation Disambiguator="7" />
		</Element>
		<Element Type="SqlTable" Name="[dbo].[STUDENT_ROOM]">
			<Property Name="IsAnsiNullsOn" Value="True" />
			<Relationship Name="Columns">
				<Entry>
					<Element Type="SqlSimpleColumn" Name="[dbo].[STUDENT_ROOM].[STD_ID]">
						<Property Name="IsNullable" Value="False" />
						<Relationship Name="TypeSpecifier">
							<Entry>
								<Element Type="SqlTypeSpecifier">
									<Relationship Name="Type">
										<Entry>
											<References ExternalSource="BuiltIns" Name="[int]" />
										</Entry>
									</Relationship>
								</Element>
							</Entry>
						</Relationship>
					</Element>
				</Entry>
				<Entry>
					<Element Type="SqlSimpleColumn" Name="[dbo].[STUDENT_ROOM].[ROOM_TYPE]">
						<Property Name="IsNullable" Value="False" />
						<Relationship Name="TypeSpecifier">
							<Entry>
								<Element Type="SqlTypeSpecifier">
									<Property Name="Length" Value="25" />
									<Relationship Name="Type">
										<Entry>
											<References ExternalSource="BuiltIns" Name="[varchar]" />
										</Entry>
									</Relationship>
								</Element>
							</Entry>
						</Relationship>
					</Element>
				</Entry>
				<Entry>
					<Element Type="SqlSimpleColumn" Name="[dbo].[STUDENT_ROOM].[CHECKIN_DATE]">
						<Property Name="IsNullable" Value="False" />
						<Relationship Name="TypeSpecifier">
							<Entry>
								<Element Type="SqlTypeSpecifier">
									<Relationship Name="Type">
										<Entry>
											<References ExternalSource="BuiltIns" Name="[datetime]" />
										</Entry>
									</Relationship>
								</Element>
							</Entry>
						</Relationship>
					</Element>
				</Entry>
				<Entry>
					<Element Type="SqlSimpleColumn" Name="[dbo].[STUDENT_ROOM].[CHECKOUT_DATE]">
						<Relationship Name="TypeSpecifier">
							<Entry>
								<Element Type="SqlTypeSpecifier">
									<Relationship Name="Type">
										<Entry>
											<References ExternalSource="BuiltIns" Name="[datetime]" />
										</Entry>
									</Relationship>
								</Element>
							</Entry>
						</Relationship>
					</Element>
				</Entry>
				<Entry>
					<Element Type="SqlSimpleColumn" Name="[dbo].[STUDENT_ROOM].[ROOMNO]">
						<Relationship Name="TypeSpecifier">
							<Entry>
								<Element Type="SqlTypeSpecifier">
									<Property Name="Length" Value="25" />
									<Relationship Name="Type">
										<Entry>
											<References ExternalSource="BuiltIns" Name="[varchar]" />
										</Entry>
									</Relationship>
								</Element>
							</Entry>
						</Relationship>
					</Element>
				</Entry>
			</Relationship>
			<Relationship Name="Schema">
				<Entry>
					<References ExternalSource="BuiltIns" Name="[dbo]" />
				</Entry>
			</Relationship>
			<AttachedAnnotation Disambiguator="15" />
		</Element>
		<Element Type="SqlTable" Name="[dbo].[WARDEN]">
			<Property Name="IsAnsiNullsOn" Value="True" />
			<Relationship Name="Columns">
				<Entry>
					<Element Type="SqlSimpleColumn" Name="[dbo].[WARDEN].[WARD_ID]">
						<Property Name="IsNullable" Value="False" />
						<Property Name="IsIdentity" Value="True" />
						<Relationship Name="TypeSpecifier">
							<Entry>
								<Element Type="SqlTypeSpecifier">
									<Relationship Name="Type">
										<Entry>
											<References ExternalSource="BuiltIns" Name="[int]" />
										</Entry>
									</Relationship>
								</Element>
							</Entry>
						</Relationship>
					</Element>
				</Entry>
				<Entry>
					<Element Type="SqlSimpleColumn" Name="[dbo].[WARDEN].[WARD_NAME]">
						<Relationship Name="TypeSpecifier">
							<Entry>
								<Element Type="SqlTypeSpecifier">
									<Property Name="Length" Value="30" />
									<Relationship Name="Type">
										<Entry>
											<References ExternalSource="BuiltIns" Name="[varchar]" />
										</Entry>
									</Relationship>
								</Element>
							</Entry>
						</Relationship>
					</Element>
				</Entry>
				<Entry>
					<Element Type="SqlSimpleColumn" Name="[dbo].[WARDEN].[CONTACT_NO]">
						<Relationship Name="TypeSpecifier">
							<Entry>
								<Element Type="SqlTypeSpecifier">
									<Relationship Name="Type">
										<Entry>
											<References ExternalSource="BuiltIns" Name="[int]" />
										</Entry>
									</Relationship>
								</Element>
							</Entry>
						</Relationship>
					</Element>
				</Entry>
				<Entry>
					<Element Type="SqlSimpleColumn" Name="[dbo].[WARDEN].[EMAIL_ID]">
						<Relationship Name="TypeSpecifier">
							<Entry>
								<Element Type="SqlTypeSpecifier">
									<Property Name="Length" Value="30" />
									<Relationship Name="Type">
										<Entry>
											<References ExternalSource="BuiltIns" Name="[varchar]" />
										</Entry>
									</Relationship>
								</Element>
							</Entry>
						</Relationship>
					</Element>
				</Entry>
				<Entry>
					<Element Type="SqlSimpleColumn" Name="[dbo].[WARDEN].[ADDRESS]">
						<Relationship Name="TypeSpecifier">
							<Entry>
								<Element Type="SqlTypeSpecifier">
									<Property Name="Length" Value="30" />
									<Relationship Name="Type">
										<Entry>
											<References ExternalSource="BuiltIns" Name="[varchar]" />
										</Entry>
									</Relationship>
								</Element>
							</Entry>
						</Relationship>
					</Element>
				</Entry>
			</Relationship>
			<Relationship Name="Schema">
				<Entry>
					<References ExternalSource="BuiltIns" Name="[dbo]" />
				</Entry>
			</Relationship>
			<AttachedAnnotation Disambiguator="16" />
		</Element>
		<Element Type="SqlTable" Name="[dbo].[WARDEN_FROM_BRANCH]">
			<Property Name="IsAnsiNullsOn" Value="True" />
			<Relationship Name="Columns">
				<Entry>
					<Element Type="SqlSimpleColumn" Name="[dbo].[WARDEN_FROM_BRANCH].[WARDBRANCH_ID]">
						<Property Name="IsNullable" Value="False" />
						<Relationship Name="TypeSpecifier">
							<Entry>
								<Element Type="SqlTypeSpecifier">
									<Relationship Name="Type">
										<Entry>
											<References ExternalSource="BuiltIns" Name="[int]" />
										</Entry>
									</Relationship>
								</Element>
							</Entry>
						</Relationship>
					</Element>
				</Entry>
				<Entry>
					<Element Type="SqlSimpleColumn" Name="[dbo].[WARDEN_FROM_BRANCH].[WARD_ID]">
						<Relationship Name="TypeSpecifier">
							<Entry>
								<Element Type="SqlTypeSpecifier">
									<Relationship Name="Type">
										<Entry>
											<References ExternalSource="BuiltIns" Name="[int]" />
										</Entry>
									</Relationship>
								</Element>
							</Entry>
						</Relationship>
					</Element>
				</Entry>
				<Entry>
					<Element Type="SqlSimpleColumn" Name="[dbo].[WARDEN_FROM_BRANCH].[BRANCH_ID]">
						<Relationship Name="TypeSpecifier">
							<Entry>
								<Element Type="SqlTypeSpecifier">
									<Relationship Name="Type">
										<Entry>
											<References ExternalSource="BuiltIns" Name="[int]" />
										</Entry>
									</Relationship>
								</Element>
							</Entry>
						</Relationship>
					</Element>
				</Entry>
			</Relationship>
			<Relationship Name="Schema">
				<Entry>
					<References ExternalSource="BuiltIns" Name="[dbo]" />
				</Entry>
			</Relationship>
			<AttachedAnnotation Disambiguator="5" />
			<AttachedAnnotation Disambiguator="6" />
			<AttachedAnnotation Disambiguator="17" />
		</Element>
		<Element Type="SqlPermissionStatement" Name="[Grant.ViewAnyColumnEncryptionKeyDefinition.Database].[public].[dbo]">
			<Property Name="Permission" Value="1108" />
			<Relationship Name="Grantee">
				<Entry>
					<References ExternalSource="BuiltIns" Name="[public]" />
				</Entry>
			</Relationship>
			<Relationship Name="SecuredObject">
				<Entry>
					<References Disambiguator="1" />
				</Entry>
			</Relationship>
		</Element>
		<Element Type="SqlPermissionStatement" Name="[Grant.ViewAnyColumnMasterKeyDefinition.Database].[public].[dbo]">
			<Property Name="Permission" Value="1107" />
			<Relationship Name="Grantee">
				<Entry>
					<References ExternalSource="BuiltIns" Name="[public]" />
				</Entry>
			</Relationship>
			<Relationship Name="SecuredObject">
				<Entry>
					<References Disambiguator="1" />
				</Entry>
			</Relationship>
		</Element>
	</Model>
</DataSchemaModel>