﻿<?xml version="1.0" encoding="utf-8"?>
<DacOrigin xmlns="http://schemas.microsoft.com/sqlserver/dac/Serialization/2012/02">
  <PackageProperties>
    <Version>3.0.0.0</Version>
    <ContainsExportedData>false</ContainsExportedData>
    <StreamVersions>
      <Version StreamName="Data">2.0.0.0</Version>
      <Version StreamName="DeploymentContributors">1.0.0.0</Version>
    </StreamVersions>
  </PackageProperties>
  <Operation>
    <Identity>93fb4aa6-8406-4e38-b9fb-fdcedb35007d</Identity>
    <Start>2021-11-28T23:48:44.0095651+05:00</Start>
    <End>0001-01-01T00:00:00.0000000</End>
    <ProductName>Microsoft.SqlServer.Dac, Version=15.0.0.0, Culture=neutral, PublicKeyToken=b03f5f7f11d50a3a</ProductName>
    <ProductVersion>15.0.5036.2</ProductVersion>
    <ProductSchema>http://schemas.microsoft.com/sqlserver/dac/Serialization/2012/02</ProductSchema>
  </Operation>
  <Server>
    <ServerVersion>Microsoft SQL Server 2016 (SP1) (KB3182545) - 13.0.4001.0 (X64) 
	Oct 28 2016 18:17:30 
	Copyright (c) Microsoft Corporation
	Express Edition (64-bit) on Windows 10 Pro 6.3 &lt;X64&gt; (Build 19042: )
</ServerVersion>
    <ObjectCounts>
      <DatabaseOptions>1</DatabaseOptions>
      <ForeignKeyConstraint>9</ForeignKeyConstraint>
      <PermissionStatement>2</PermissionStatement>
      <PrimaryKeyConstraint>11</PrimaryKeyConstraint>
      <SimpleColumn>50</SimpleColumn>
      <Table>11</Table>
    </ObjectCounts>
  </Server>
  <Checksums>
    <Checksum Uri="/model.xml">740D8AB678AE23807FDAFD829529556621DE303123C59A8E379B8458DCEA5930</Checksum>
  </Checksums>
  <ModelSchemaVersion>2.4</ModelSchemaVersion>
</DacOrigin>